Fold,Number of Molecules,r2,rmsd,bias,sdep,Model,Descriptor,Index,File
Average,2788,0.5528264893081335,0.5520585610189087,-0.015554420555376225,0.5488823843514732,RF,RDKit,1,Protein-tyrosine_phosphatase_1B_CHEMBL335.csv
Average,2788,0.5566724721321246,0.5489822278429798,-0.013596936128392464,0.5464938336673681,RF,RDKit,2,Protein-tyrosine_phosphatase_1B_CHEMBL335.csv
Average,2788,0.5536279819878407,0.5515617193123155,-0.013796528040997508,0.5487919868360469,RF,RDKit,3,Protein-tyrosine_phosphatase_1B_CHEMBL335.csv
Average,2788,0.5201845368538427,0.5708004952256124,-0.03176710449443447,0.5681040901854335,XGBR,RDKit,1,Protein-tyrosine_phosphatase_1B_CHEMBL335.csv
Average,2788,0.5201845368538427,0.5708004952256124,-0.03176710449443447,0.5681040901854335,XGBR,RDKit,2,Protein-tyrosine_phosphatase_1B_CHEMBL335.csv
Average,2788,0.5201845368538427,0.5708004952256124,-0.03176710449443447,0.5681040901854335,XGBR,RDKit,3,Protein-tyrosine_phosphatase_1B_CHEMBL335.csv
Average,2788,-0.04816328366521476,0.8579121923568767,-0.16493784618612248,0.836027459897673,SVR,RDKit,1,Protein-tyrosine_phosphatase_1B_CHEMBL335.csv
Average,2788,-0.04816328366521476,0.8579121923568767,-0.16493784618612248,0.836027459897673,SVR,RDKit,2,Protein-tyrosine_phosphatase_1B_CHEMBL335.csv
Average,2788,-0.04816328366521476,0.8579121923568767,-0.16493784618612248,0.836027459897673,SVR,RDKit,3,Protein-tyrosine_phosphatase_1B_CHEMBL335.csv
Average,2788,0.554263057510958,0.5512393824414819,-0.015811283634363023,0.5489051681663888,RF,Morgan,1,Protein-tyrosine_phosphatase_1B_CHEMBL335.csv
Average,2788,0.5607600983585735,0.5476972357688339,-0.010633440330743904,0.5456631881755296,RF,Morgan,2,Protein-tyrosine_phosphatase_1B_CHEMBL335.csv
Average,2788,0.5681249001093189,0.5418871046960024,-0.016750748020180253,0.5395448531068817,RF,Morgan,3,Protein-tyrosine_phosphatase_1B_CHEMBL335.csv
Average,2788,0.5313798042792357,0.5656227489280249,-0.014291323021362077,0.5626705355370881,XGBR,Morgan,1,Protein-tyrosine_phosphatase_1B_CHEMBL335.csv
Average,2788,0.5313798042792357,0.5656227489280249,-0.014291323021362077,0.5626705355370881,XGBR,Morgan,2,Protein-tyrosine_phosphatase_1B_CHEMBL335.csv
Average,2788,0.5313798042792357,0.5656227489280249,-0.014291323021362077,0.5626705355370881,XGBR,Morgan,3,Protein-tyrosine_phosphatase_1B_CHEMBL335.csv
Average,2788,0.5796327156441071,0.5358504264909525,-0.0252337537946269,0.5328925597387654,SVR,Morgan,1,Protein-tyrosine_phosphatase_1B_CHEMBL335.csv
Average,2788,0.5796327156441071,0.5358504264909525,-0.0252337537946269,0.5328925597387654,SVR,Morgan,2,Protein-tyrosine_phosphatase_1B_CHEMBL335.csv
Average,2788,0.5796327156441071,0.5358504264909525,-0.0252337537946269,0.5328925597387654,SVR,Morgan,3,Protein-tyrosine_phosphatase_1B_CHEMBL335.csv
Average,2788,0.5878530315234372,0.5289396328255107,-0.017033368932468037,0.5259190936097383,RF,Both,1,Protein-tyrosine_phosphatase_1B_CHEMBL335.csv
Average,2788,0.5927734250585814,0.5262776371183018,-0.019684940959091866,0.5234470456353553,RF,Both,2,Protein-tyrosine_phosphatase_1B_CHEMBL335.csv
Average,2788,0.584772660109718,0.5316647406968364,-0.020181890980911298,0.5286504901075182,RF,Both,3,Protein-tyrosine_phosphatase_1B_CHEMBL335.csv
Average,2788,0.5649808197881032,0.542468487505116,-0.01555085873427459,0.5382379859120746,XGBR,Both,1,Protein-tyrosine_phosphatase_1B_CHEMBL335.csv
Average,2788,0.5649808197881032,0.542468487505116,-0.01555085873427459,0.5382379859120746,XGBR,Both,2,Protein-tyrosine_phosphatase_1B_CHEMBL335.csv
Average,2788,0.5649808197881032,0.542468487505116,-0.01555085873427459,0.5382379859120746,XGBR,Both,3,Protein-tyrosine_phosphatase_1B_CHEMBL335.csv
Average,2788,-0.04823120874500038,0.8579405830289082,-0.16505068856962177,0.836026291861061,SVR,Both,1,Protein-tyrosine_phosphatase_1B_CHEMBL335.csv
Average,2788,-0.04823120874500038,0.8579405830289082,-0.16505068856962177,0.836026291861061,SVR,Both,2,Protein-tyrosine_phosphatase_1B_CHEMBL335.csv
Average,2788,-0.04823120874500038,0.8579405830289082,-0.16505068856962177,0.836026291861061,SVR,Both,3,Protein-tyrosine_phosphatase_1B_CHEMBL335.csv
Average,5076,0.45961489081989637,0.9563370398292517,-0.0008308208457621008,0.9513824382968428,RF,RDKit,1,Acetylcholinesterase_CHEMBL220.csv
Average,5076,0.45892238991520384,0.9565557524360807,0.0022973931053593354,0.9517206837604633,RF,RDKit,2,Acetylcholinesterase_CHEMBL220.csv
Average,5076,0.4528907984937923,0.9617538023676439,-0.002123649035758293,0.9568868012419994,RF,RDKit,3,Acetylcholinesterase_CHEMBL220.csv
Average,5076,0.4219100028083986,0.9878595088102908,-0.02814913034545478,0.9814578810722614,XGBR,RDKit,1,Acetylcholinesterase_CHEMBL220.csv
Average,5076,0.4219100028083986,0.9878595088102908,-0.02814913034545478,0.9814578810722614,XGBR,RDKit,2,Acetylcholinesterase_CHEMBL220.csv
Average,5076,0.4219100028083986,0.9878595088102908,-0.02814913034545478,0.9814578810722614,XGBR,RDKit,3,Acetylcholinesterase_CHEMBL220.csv
Average,5076,-0.02778278394284527,1.3190417496722608,-0.1840801580682306,1.3023949603916818,SVR,RDKit,1,Acetylcholinesterase_CHEMBL220.csv
Average,5076,-0.02778278394284527,1.3190417496722608,-0.1840801580682306,1.3023949603916818,SVR,RDKit,2,Acetylcholinesterase_CHEMBL220.csv
Average,5076,-0.02778278394284527,1.3190417496722608,-0.1840801580682306,1.3023949603916818,SVR,RDKit,3,Acetylcholinesterase_CHEMBL220.csv
Average,5076,0.5077688848198301,0.9125987903710348,-0.012904002113728916,0.9067928004779237,RF,Morgan,1,Acetylcholinesterase_CHEMBL220.csv
Average,5076,0.5092054647967005,0.9114330299867864,-0.01302738350876143,0.905779405585071,RF,Morgan,2,Acetylcholinesterase_CHEMBL220.csv
Average,5076,0.5059057001609997,0.9145420230105893,-0.0109125436126332,0.9085928374255483,RF,Morgan,3,Acetylcholinesterase_CHEMBL220.csv
Average,5076,0.5010216297396544,0.9191433188822634,-0.029247284170960015,0.9149560830061002,XGBR,Morgan,1,Acetylcholinesterase_CHEMBL220.csv
Average,5076,0.5010216297396544,0.9191433188822634,-0.029247284170960015,0.9149560830061002,XGBR,Morgan,2,Acetylcholinesterase_CHEMBL220.csv
Average,5076,0.5010216297396544,0.9191433188822634,-0.029247284170960015,0.9149560830061002,XGBR,Morgan,3,Acetylcholinesterase_CHEMBL220.csv
Average,5076,0.5239367537897168,0.8966430242384387,-0.05366605197769149,0.8899241202379111,SVR,Morgan,1,Acetylcholinesterase_CHEMBL220.csv
Average,5076,0.5239367537897168,0.8966430242384387,-0.05366605197769149,0.8899241202379111,SVR,Morgan,2,Acetylcholinesterase_CHEMBL220.csv
Average,5076,0.5239367537897168,0.8966430242384387,-0.05366605197769149,0.8899241202379111,SVR,Morgan,3,Acetylcholinesterase_CHEMBL220.csv
Average,5076,0.5272115591123844,0.8939784742507169,-0.019229073418507023,0.8884888008272196,RF,Both,1,Acetylcholinesterase_CHEMBL220.csv
Average,5076,0.5216533852168117,0.898834108618211,-0.019780851265756513,0.8927855157851505,RF,Both,2,Acetylcholinesterase_CHEMBL220.csv
Average,5076,0.5262072723286725,0.8946980763217232,-0.017681880304385958,0.8881343206550353,RF,Both,3,Acetylcholinesterase_CHEMBL220.csv
Average,5076,0.4975280211184135,0.9203552881739434,-0.038274038968450864,0.9143869793215929,XGBR,Both,1,Acetylcholinesterase_CHEMBL220.csv
Average,5076,0.4975280211184135,0.9203552881739434,-0.038274038968450864,0.9143869793215929,XGBR,Both,2,Acetylcholinesterase_CHEMBL220.csv
Average,5076,0.4975280211184135,0.9203552881739434,-0.038274038968450864,0.9143869793215929,XGBR,Both,3,Acetylcholinesterase_CHEMBL220.csv
Average,5076,-0.027806062802911934,1.3190558344805727,-0.1841319612169986,1.3023973291271254,SVR,Both,1,Acetylcholinesterase_CHEMBL220.csv
Average,5076,-0.027806062802911934,1.3190558344805727,-0.1841319612169986,1.3023973291271254,SVR,Both,2,Acetylcholinesterase_CHEMBL220.csv
Average,5076,-0.027806062802911934,1.3190558344805727,-0.1841319612169986,1.3023973291271254,SVR,Both,3,Acetylcholinesterase_CHEMBL220.csv
Average,2377,0.31281308754477455,0.8547191119766101,0.01757747451372963,0.8473889002921522,RF,RDKit,1,Monoamine_oxidase_A_CHEMBL1951.csv
Average,2377,0.31751287734280115,0.8514441959522581,0.019123143301377123,0.8434894685459561,RF,RDKit,2,Monoamine_oxidase_A_CHEMBL1951.csv
Average,2377,0.3043114640156304,0.8593786103338379,0.02376421592704774,0.8515302874069202,RF,RDKit,3,Monoamine_oxidase_A_CHEMBL1951.csv
Average,2377,0.2715726317473724,0.8792762313589362,-0.005127351903494402,0.8716591469952487,XGBR,RDKit,1,Monoamine_oxidase_A_CHEMBL1951.csv
Average,2377,0.2715726317473724,0.8792762313589362,-0.005127351903494402,0.8716591469952487,XGBR,RDKit,2,Monoamine_oxidase_A_CHEMBL1951.csv
Average,2377,0.2715726317473724,0.8792762313589362,-0.005127351903494402,0.8716591469952487,XGBR,RDKit,3,Monoamine_oxidase_A_CHEMBL1951.csv
Average,2377,-0.05582850624011863,1.0697167766239875,-0.23522249990310012,1.039956206838728,SVR,RDKit,1,Monoamine_oxidase_A_CHEMBL1951.csv
Average,2377,-0.05582850624011863,1.0697167766239875,-0.23522249990310012,1.039956206838728,SVR,RDKit,2,Monoamine_oxidase_A_CHEMBL1951.csv
Average,2377,-0.05582850624011863,1.0697167766239875,-0.23522249990310012,1.039956206838728,SVR,RDKit,3,Monoamine_oxidase_A_CHEMBL1951.csv
Average,2377,0.3291985775862841,0.8420213173887824,-0.050168787096018165,0.8344495732677888,RF,Morgan,1,Monoamine_oxidase_A_CHEMBL1951.csv
Average,2377,0.34281611341253904,0.8340447585363016,-0.042826718502332474,0.8262568861907484,RF,Morgan,2,Monoamine_oxidase_A_CHEMBL1951.csv
Average,2377,0.34117450334743465,0.8357708413515288,-0.04654128789009071,0.8277690689246177,RF,Morgan,3,Monoamine_oxidase_A_CHEMBL1951.csv
Average,2377,0.2552612423404278,0.8841381811599852,-0.027379037196520455,0.8746582805450187,XGBR,Morgan,1,Monoamine_oxidase_A_CHEMBL1951.csv
Average,2377,0.2552612423404278,0.8841381811599852,-0.027379037196520455,0.8746582805450187,XGBR,Morgan,2,Monoamine_oxidase_A_CHEMBL1951.csv
Average,2377,0.2552612423404278,0.8841381811599852,-0.027379037196520455,0.8746582805450187,XGBR,Morgan,3,Monoamine_oxidase_A_CHEMBL1951.csv
Average,2377,0.33555213448139565,0.8397193288246327,-0.09447696136155355,0.827540897046901,SVR,Morgan,1,Monoamine_oxidase_A_CHEMBL1951.csv
Average,2377,0.33555213448139565,0.8397193288246327,-0.09447696136155355,0.827540897046901,SVR,Morgan,2,Monoamine_oxidase_A_CHEMBL1951.csv
Average,2377,0.33555213448139565,0.8397193288246327,-0.09447696136155355,0.827540897046901,SVR,Morgan,3,Monoamine_oxidase_A_CHEMBL1951.csv
Average,2377,0.3426174833704829,0.8347357626453411,0.003031727814709363,0.8281485760096612,RF,Both,1,Monoamine_oxidase_A_CHEMBL1951.csv
Average,2377,0.33905653845886286,0.8366811436186607,-0.003786196448674721,0.8292456925978315,RF,Both,2,Monoamine_oxidase_A_CHEMBL1951.csv
Average,2377,0.34024897465741233,0.8356464903164399,0.0017292021855617253,0.8287741589793484,RF,Both,3,Monoamine_oxidase_A_CHEMBL1951.csv
Average,2377,0.30471943387474665,0.8564688711066925,-0.013410723662395835,0.8464546564009314,XGBR,Both,1,Monoamine_oxidase_A_CHEMBL1951.csv
Average,2377,0.30471943387474665,0.8564688711066925,-0.013410723662395835,0.8464546564009314,XGBR,Both,2,Monoamine_oxidase_A_CHEMBL1951.csv
Average,2377,0.30471943387474665,0.8564688711066925,-0.013410723662395835,0.8464546564009314,XGBR,Both,3,Monoamine_oxidase_A_CHEMBL1951.csv
Average,2377,-0.05582349301147802,1.069712245829357,-0.23522377714893827,1.0399562075423079,SVR,Both,1,Monoamine_oxidase_A_CHEMBL1951.csv
Average,2377,-0.05582349301147802,1.069712245829357,-0.23522377714893827,1.0399562075423079,SVR,Both,2,Monoamine_oxidase_A_CHEMBL1951.csv
Average,2377,-0.05582349301147802,1.069712245829357,-0.23522377714893827,1.0399562075423079,SVR,Both,3,Monoamine_oxidase_A_CHEMBL1951.csv
